attendance,length_minutes
14754,486
34425,434
34637,426
21247,414
43709,413
41292,409
22036,399
46126,397
43775,395
11668,392
42159,392
28590,387
20338,385
39335,379
25984,376
44390,375
21742,374
45825,373
45706,371
44947,370
18508,369
10075,367
37394,367
43412,367
39008,361
54316,360
24684,357
36508,357
35397,356
43194,355
29762,355
39709,353
32814,352
31878,349
33580,349
32460,349
32775,348
26266,347
43100,347
24224,346
36499,346
30109,346
39470,345
28603,345
27804,345
12608,344
34112,344
21504,344
44026,343
24716,342
20152,342
46405,341
47887,340
9239,339
41531,336
45528,336
27569,335
24169,335
37391,334
38404,334
22806,334
26596,333
48262,333
26891,332
20945,332
42373,332
37516,332
30216,331
15605,331
33899,330
22972,330
23900,329
40851,329
40866,329
13675,329
44079,328
41497,326
40899,326
4735,326
27573,325
34051,325
15477,324
35274,324
30236,323
32744,323
26492,323
50865,323
15154,323
45311,323
14188,322
16577,322
13879,322
30149,322
28958,322
24695,321
37385,321
42623,321
22076,321
36423,321
25170,320
23872,320
45494,320
26914,319
20697,319
29701,318
14953,318
42630,317
24029,317
36421,317
37485,317
13302,317
45204,317
19228,316
23033,316
15590,316
29600,316
23569,316
11524,315
28415,315
21718,315
43190,314
31001,314
25130,314
13493,314
42517,314
10501,314
24466,314
22240,313
35724,313
18568,313
22762,313
33225,313
32629,313
46179,312
14493,312
29192,311
26922,311
24053,311
49072,311
22167,311
24975,311
41915,310
44095,310
8943,310
41596,309
12221,309
12564,309
53799,309
23830,309
33258,309
24453,309
34533,309
43812,308
45195,307
48766,307
27822,307
33368,307
22332,307
20261,307
28986,307
26276,306
25073,306
52508,306
28336,305
35811,305
10598,305
45799,304
17237,304
28896,304
37318,304
45264,304
24163,304
40097,304
42170,304
23618,304
38951,303
32416,303
26526,303
22737,303
36164,303
35059,303
43513,303
33835,302
28169,302
29963,302
15716,302
35077,302
32329,302
35273,302
38114,302
15202,302
12968,302
55351,301
33617,301
27417,301
37037,300
41680,300
19832,300
31212,300
23707,300
28600,300
54887,300
34210,299
19122,299
36459,299
35659,299
30459,299
43838,298
35163,298
41403,298
35371,298
23856,298
21354,298
24200,298
24505,298
36856,298
48559,297
44621,297
25976,297
36538,297
43342,297
37857,297
29873,297
27670,297
32546,296
33559,296
20589,296
43658,295
15433,295
40243,295
44028,295
17219,294
29518,294
44697,294
39257,294
42469,294
41233,294
39483,293
54180,293
5869,293
21809,293
40201,293
30352,293
15686,293
11361,293
18775,293
39222,293
40011,293
42140,293
24992,293
26626,293
28496,292
17109,292
20891,292
44931,292
25278,291
37669,291
33902,291
21727,291
19713,291
17519,291
36845,291
12869,291
37734,290
16624,290
14426,290
39206,290
39190,290
16352,290
19706,290
32651,290
23894,290
41287,289
55695,289
46199,289
35642,289
27901,289
8201,288
31984,288
32727,288
10160,288
30451,288
22178,288
31776,288
15905,288
33615,288
11993,288
48582,288
21234,287
26020,287
31990,287
30169,287
23900,287
12757,287
47720,287
43455,287
20210,287
37491,287
19358,287
20169,287
39551,287
37589,286
38138,286
30048,286
21856,286
25610,286
18883,286
15376,286
33352,286
22595,286
36931,286
14085,286
14143,286
18784,285
54183,285
43168,285
30788,285
47785,285
18223,285
39152,285
54151,285
35512,285
36071,285
29201,285
35498,285
42118,284
37529,284
31088,284
17171,284
45713,284
9046,284
21964,284
24664,283
25317,283
35999,283
36590,283
24415,283
6472,283
31184,283
18179,283
23512,283
43215,283
44140,282
27343,282
12523,282
17367,282
30301,282
14331,282
9459,282
31624,282
34168,281
35015,281
46600,281
34160,281
48404,280
47775,280
39708,279
42635,279
34808,279
43627,279
53354,279
37518,279
23372,279
4836,279
19170,279
28401,279
35537,279
30036,279
19894,279
28719,279
31942,279
16623,278
43036,278
21563,278
12239,278
39175,278
27950,278
24659,278
40055,278
53205,278
26231,278
23113,278
47430,278
22971,278
15859,278
36048,278
34085,278
21123,277
45636,277
16438,277
33131,277
37903,277
31121,277
40155,277
54088,277
41780,277
37223,277
32112,276
23242,276
19914,276
38606,276
33492,276
39390,276
10245,276
38738,276
37158,276
54069,276
29513,276
33760,276
40757,275
41981,275
16796,275
40742,275
36052,275
46779,275
39402,275
22317,275
33361,275
41432,275
31000,275
18090,275
15532,275
22493,275
20098,275
36441,275
30753,274
25829,274
33749,274
37829,274
25188,274
46676,274
30288,274
36608,274
13934,274
16314,274
43485,274
38611,274
16563,274
31644,274
30070,273
24737,273
40794,273
30542,273
40225,273
27321,273
13419,273
32531,273
28488,273
34389,273
7039,273
24974,273
11124,272
41416,272
35650,272
43845,272
11506,272
29937,272
27437,272
26305,272
11935,272
40481,272
35009,272
22526,272
43268,272
26383,272
16417,272
9396,271
40164,271
38899,271
51470,271
38650,271
10825,271
21601,271
23430,271
46369,271
33543,271
37103,271
24448,271
52806,271
33789,271
27631,270
28657,270
33314,270
16759,270
38648,270
34060,270
16469,270
43141,270
23477,270
45350,270
35216,270
26827,270
40992,270
38744,270
41180,269
22318,269
20209,269
26159,269
41461,269
34104,269
10586,269
12804,269
32587,269
27670,269
40027,269
45269,268
30633,268
31109,268
32453,268
44193,268
41372,268
26529,268
23748,268
5355,268
41147,268
33178,268
33329,268
33502,268
24351,268
35271,268
44840,268
44382,268
37727,268
28116,268
39393,268
12482,268
39892,268
21298,267
12985,267
14983,267
20135,267
36784,267
34498,267
35801,267
20051,267
36090,267
31305,267
43025,267
41730,267
45206,267
10393,267
41007,267
41707,266
37719,266
35191,266
19054,266
12651,266
27905,266
42042,266
44823,266
19568,266
35077,265
36310,265
21295,265
39955,265
47828,265
38516,265
32139,265
38934,265
46727,265
31022,265
17378,265
30082,265
47895,265
35754,265
29016,265
37085,265
45203,265
37790,265
22132,264
41972,264
29481,264
16689,264
35260,264
35276,264
24470,264
54531,264
44663,264
24183,264
42048,264
31173,264
19807,264
44163,264
38301,264
26527,264
22596,264
30700,264
12833,264
35144,264
31355,263
48420,263
6101,263
48531,263
37993,263
35089,263
40104,263
33975,263
47303,263
37837,263
42869,263
41672,263
26462,263
27664,263
31442,263
23262,263
6070,263
36069,263
36141,263
41293,263
27659,263
35759,263
23515,263
35729,263
33708,263
22120,263
24534,263
39595,263
18894,262
2822,262
31160,262
36112,262
28926,262
44218,262
19161,262
21995,262
19376,262
34664,262
15009,262
33036,262
46599,262
22412,262
10152,262
49307,262
15957,261
25222,261
45156,261
33920,261
37699,261
35043,261
34228,261
22815,261
27333,261
38074,261
16044,261
30312,261
8237,261
38163,261
12842,261
47752,261
37402,261
21761,261
41927,261
42418,261
29929,261
14550,261
8118,260
10205,260
3288,260
40434,260
55265,260
21260,260
10761,260
41545,260
13123,260
16125,260
29097,260
33834,260
17343,260
36539,260
53033,260
53653,260
18039,260
29061,260
41590,260
32286,260
24129,260
45123,260
9735,260
53184,260
41790,260
13614,260
35133,260
27774,260
38823,259
12402,259
35541,259
37344,259
39442,259
19651,259
11010,259
46446,259
30027,259
37055,259
41038,259
41464,259
35095,259
22615,259
10625,259
15836,259
34129,259
19613,259
20239,259
37354,258
36402,258
21995,258
36567,258
40913,258
13500,258
34690,258
32951,258
23403,258
24359,258
36307,258
17311,258
40952,258
37084,258
37467,258
38567,258
17216,258
27340,257
36155,257
18811,257
22339,257
41321,257
20389,257
22509,257
31945,257
40256,257
30311,257
21745,257
14975,257
14035,257
17753,257
33938,257
14163,257
30301,257
14004,257
22659,257
33147,257
41341,257
21141,257
41072,257
23475,257
42000,257
55526,257
39846,257
33455,257
13408,257
30710,256
26011,256
14234,256
35355,256
17562,256
8891,256
47136,256
49210,256
23161,256
14827,256
29557,256
26200,256
40514,256
42687,256
37512,256
28417,256
33861,256
38540,256
18584,256
29748,256
33454,256
20470,256
40056,256
37782,256
52021,256
37954,256
16341,256
44293,256
53500,256
28904,256
17424,256
15159,256
10227,255
34175,255
36941,255
14786,255
45185,255
26649,255
22878,255
38561,255
33578,255
34649,255
33696,255
26256,255
13843,255
25476,255
36021,255
36067,255
33341,255
37779,255
33957,255
38189,255
30766,255
43506,255
49352,254
12730,254
34170,254
23338,254
34700,254
37479,254
35103,254
22904,254
24783,254
34490,254
30849,254
38602,254
46071,254
15745,254
33502,254
37570,254
11556,254
24123,254
22292,254
30171,254
23890,254
35053,253
24983,253
21049,253
49209,253
42004,253
33201,253
31540,253
38493,253
9635,253
19752,253
26568,253
30039,253
44878,253
41222,253
45180,253
47680,253
25417,253
37430,253
31334,253
35308,253
31791,253
23129,252
23291,252
12790,252
18438,252
53844,252
47529,252
15276,252
43405,252
37917,252
33520,252
35351,252
38863,252
34887,252
30818,252
29083,252
47649,252
39464,252
32326,252
20791,252
26146,251
44091,251
41283,251
41171,251
17178,251
22587,251
41502,251
17287,251
28300,251
36033,251
43821,251
21119,251
42494,251
37600,251
32791,251
43106,251
21594,251
39442,251
35811,251
39203,251
48165,251
40078,251
41656,251
36302,251
39132,251
6072,251
37503,251
43039,251
36150,251
25865,251
10663,251
28988,251
37223,251
39328,250
10510,250
38744,250
41382,250
25610,250
25330,250
17949,250
17082,250
16554,250
37798,250
30359,250
38007,250
43452,250
18871,250
17541,250
21628,250
47195,250
23983,250
43033,250
41288,250
16095,250
37733,250
39469,250
20098,250
34929,250
16072,250
41577,250
20002,250
31983,250
35894,250
41161,250
12390,250
18313,250
20725,250
26102,249
29239,249
28953,249
22404,249
42423,249
10069,249
17347,249
15641,249
32926,249
41564,249
18509,249
26209,249
29768,249
43903,249
28349,249
47734,249
20560,249
39947,249
40180,249
28348,249
39076,249
10121,249
41217,249
30359,249
16944,249
45364,249
35645,249
11502,249
28859,249
22908,249
28195,249
37165,249
17157,249
23174,249
27538,249
33803,249
33920,248
25054,248
34759,248
46423,248
33789,248
8952,248
23506,248
23773,248
43310,248
22288,248
30377,248
15474,248
38084,248
29410,248
44962,248
6061,248
31001,248
33039,248
54747,248
20002,248
33422,248
25957,248
18134,248
35848,248
40930,248
11485,248
37285,248
30761,248
22155,248
33563,248
48791,248
43072,248
26609,248
54667,248
